"0","# Test / Train set split parameters"
"0","set.seed(SEED)"
"0","train_size = TEST_TRAIN_PROP * nrow(Fset)"
"0","### train indices for a train/test split"
"0","train_ind <- sample(seq_len(nrow(Fset)), size = train_size)"
"0","## PCA"
"0","preprocessParams.pca <- preProcess(Fset[train_ind,3:(length(Fset)-1)], "
"0","                                   method=c(""center"", ""scale"", ""pca""))"
"0","Fset.pca <- Fset[,3:(length(Fset)-1)] %>%"
"0","  predict(preprocessParams.pca, .) %>%"
"0","  bind_cols(Fset[,""target""]) %>%"
"0","  tbl_df()"
"0","#describe(Fset.pca)"
"0","princomps <- colnames(Fset.pca[1:(length(Fset.pca)-1)])"
"0","# Models"
"0","## Decision Tree "
"0","tree.unt <- ctree(as.formula(paste(""target~"", paste(features, collapse=""+""))), "
"0","                  data=Fset[train_ind,])"
"0","tree.std <- ctree(as.formula(paste(""target~"", paste(features, collapse=""+""))), "
"0","                  data=Fset.std[train_ind,])"
"0","tree.nrm <- ctree(as.formula(paste(""target~"", paste(features, collapse=""+""))), "
"0","                  data=Fset.nrm[train_ind,])"
"0","tree.pca <- ctree(as.formula(paste(""target~"", paste(princomps, collapse=""+""))), "
"0","                  data=Fset.pca[train_ind,])"
"0","tree.mix <- ctree(as.formula(paste(""target~"", paste(features, collapse=""+""))), "
"0","                  data=Fset.mix[train_ind,])"
"0","trees <- list(tree.unt,tree.std, tree.nrm, tree.pca, tree.mix)"
"0","## Generalized Linear Model"
"0","glm.unt <- glm(as.formula(paste(""target~"", paste(features, collapse=""+""))), "
"0","               data=Fset[train_ind,])"
"0","glm.std <- glm(as.formula(paste(""target~"", paste(features, collapse=""+""))), "
"0","               data=Fset.std[train_ind,])"
"0","glm.nrm <- glm(as.formula(paste(""target~"", paste(features, collapse=""+""))), "
"0","               data=Fset.nrm[train_ind,])"
"0","glm.pca <- glm(as.formula(paste(""target~"", paste(princomps, collapse=""+""))), "
"0","               data=Fset.pca[train_ind,])"
"0","glm.mix <- glm(as.formula(paste(""target~"", paste(features, collapse=""+""))), "
"0","               data=Fset.mix[train_ind,])"
"0","glms = list(glm.unt,glm.std,glm.nrm,glm.pca,glm.mix)"
"0","## SVM"
"0","svm.unt <- svm(as.formula(paste(""target~"", paste(features, collapse=""+""))), "
"0","               data=Fset[train_ind,])"
"0","svm.std <- svm(as.formula(paste(""target~"", paste(features, collapse=""+""))), "
"0","               data=Fset.std[train_ind,])"
"0","svm.nrm <- svm(as.formula(paste(""target~"", paste(features, collapse=""+""))), "
"0","               data=Fset.nrm[train_ind,])"
"0","svm.pca <- svm(as.formula(paste(""target~"", paste(princomps, collapse=""+""))), "
"0","               data=Fset.pca[train_ind,])"
"0","svm.mix <- svm(as.formula(paste(""target~"", paste(features, collapse=""+""))), "
"0","               data=Fset.mix[train_ind,])"
"0","svms = list(svm.unt,svm.std,svm.nrm,svm.pca,svm.mix)"
"0","# Neural net"
"0","nn.unt <- Fset.std[train_ind,] %>%"
"0","  neuralnet(as.formula(paste(""target~"", paste(features, collapse=""+""))),"
"0","            hidden=c(10,3),stepmax=1e6,threshold=0.3,linear.output=T,data=.)"
"0","nn.std <- Fset.std[train_ind,] %>%"
"0","  neuralnet(as.formula(paste(""target~"", paste(features, collapse=""+""))),"
"0","            hidden=c(10,3),stepmax=1e6,threshold=0.3,linear.output=T,data=.)"
"0","nn.nrm <- Fset.nrm[train_ind,] %>%"
"0","  neuralnet(as.formula(paste(""target~"", paste(features, collapse=""+""))),"
"0","            hidden=c(10,3),stepmax=1e6,threshold=0.3,linear.output=T,data=.)"
"0","nn.pca <- Fset.pca[train_ind,] %>%"
"0","  neuralnet(as.formula(paste(""target~"", paste(princomps, collapse=""+""))),"
"0","            hidden=c(10,5,3),stepmax=1e6,threshold=0.3,linear.output=T,data=.)"
"0","nn.mix <- Fset.mix[train_ind,] %>%"
"0","  neuralnet(as.formula(paste(""target~"", paste(features, collapse=""+""))),"
"0","            hidden=c(10,3),stepmax=1e6,threshold=0.3,linear.output=T,data=.)"
"0","nns = list(nn.unt,nn.std,nn.nrm,nn.pca,nn.mix)"
"0","# generate plots of the models "
"0","for (i in 1:5) {"
"0","  plot(trees[[i]],"
"0","       main = c(""Tree model trained on untransformed data"","
"0","                ""Tree model trained on standardized features"","
"0","                ""Tree model trained on normalized features"","
"0","                ""Tree model trained on principal components of features"","
"0","                ""Tree model trained on mixed features"")[i])"
"0","}"
