"0","##################################################"
"0","## Prediction Generation"
"0","##################################################"
"0","# Generating predictions for all model and feature set combinations"
"0","pr <- bind_cols("
"0","  ## tree model predictions"
"0","  ""tree.unt.pr""=predict(tree.unt, newdata=Fset[-train_ind,], type=""response""),"
"0","  ""tree.std.pr""=predict(tree.std, newdata=Fset.std[-train_ind,], type=""response""),"
"0","  ""tree.nrm.pr""=predict(tree.nrm, newdata=Fset.nrm[-train_ind,], type=""response""),"
"0","  ""tree.pca.pr""=predict(tree.pca, newdata=Fset.pca[-train_ind,], type=""response""),"
"0","  ""tree.mix.pr""=predict(tree.mix, newdata=Fset.mix[-train_ind,], type=""response""),"
"0","  "
"0","  ## generalized linear model predictions"
"0","  ""glm.unt.pr""=as.matrix(predict(glm.unt, newdata=Fset[-train_ind,], type=""response"")),"
"0","  ""glm.std.pr""=predict(glm.std, newdata=Fset.std[-train_ind,], type=""response""),"
"0","  ""glm.nrm.pr""=predict(glm.nrm, newdata=Fset.nrm[-train_ind,], type=""response""),"
"0","  ""glm.pca.pr""=as.matrix(predict(glm.pca, newdata=Fset.pca[-train_ind,], type=""response"")),"
"0","  ""glm.mix.pr""=predict(glm.mix, newdata=Fset.mix[-train_ind,], type=""response""),"
"0","  ## SVM model predictions"
"0","  ""svm.unt.pr""=predict(svm.unt, newdata=Fset[-train_ind,], type=""response""),"
"0","  ""svm.std.pr""=predict(svm.std, newdata=Fset.std[-train_ind,], type=""response""),"
"0","  ""svm.nrm.pr""=predict(svm.nrm, newdata=Fset.nrm[-train_ind,], type=""response""),"
"0","  ""svm.pca.pr""=predict(svm.pca, newdata=Fset.pca[-train_ind,], type=""response""),"
"0","  ""svm.mix.pr""=predict(svm.mix, newdata=Fset.mix[-train_ind,], type=""response""),"
"0","  ## Neural net predictions"
"0","  ""nn.unt.pr""=predict(nn.unt, newdata=Fset[-train_ind,]),"
"0","  ""nn.std.pr""=predict(nn.std, newdata=Fset.std[-train_ind,]),"
"0","  ""nn.nrm.pr""=predict(nn.nrm, newdata=Fset.nrm[-train_ind,]),"
"0","  ""nn.pca.pr""=predict(nn.pca, newdata=Fset.pca[-train_ind,]),"
"0","  ""nn.mix.pr""=predict(nn.mix, newdata=Fset.mix[-train_ind,]),"
"0","  "
"0","  # Target variable"
"0","  Fset[-train_ind,""target""]"
"0",") %>% tbl_df"
"0","MSE <- function(x,y) {mean(as.matrix(((x-y)^2)),na.rm=TRUE)}"
"0","attach(pr)"
"2","The following object is masked _by_ .GlobalEnv:

    nn.mix.pr

"
"2","The following objects are masked from pr (pos = 3):

    glm.mix.pr, glm.nrm.pr, glm.pca.pr, glm.std.pr, glm.unt.pr, nn.mix.pr, nn.nrm.pr, nn.pca.pr, nn.std.pr,
    nn.unt.pr, svm.mix.pr, svm.nrm.pr, svm.pca.pr, svm.std.pr, svm.unt.pr, target, tree.mix.pr, tree.nrm.pr,
    tree.pca.pr, tree.std.pr, tree.unt.pr

"
"0","MSEscores = data.frame(row.names=c(""Untransformed"",""Standardized"",""Normalized"","
"0","                               ""Principal Components"", ""Mixed Variables""),"
"0","                    ""tree""=c(MSE(tree.unt.pr,target),"
"0","                             MSE(tree.std.pr,target),"
"0","                             MSE(tree.nrm.pr,target),"
"0","                             MSE(tree.pca.pr,target),"
"0","                             MSE(tree.mix.pr,target)),"
"0","                     ""glm""=c(MSE(glm.unt.pr,target),"
"0","                             MSE(glm.std.pr,target),"
"0","                             MSE(glm.nrm.pr,target),"
"0","                             MSE(glm.pca.pr,target),"
"0","                             MSE(glm.mix.pr,target)),"
"0","                     ""svm""=c(MSE(svm.unt.pr,target),"
"0","                             MSE(svm.std.pr,target),"
"0","                             MSE(svm.nrm.pr,target),"
"0","                             MSE(svm.pca.pr,target),"
"0","                             MSE(svm.mix.pr,target)),"
"0","                      ""nn""=c(MSE(nn.unt.pr,target),"
"0","                             MSE(nn.std.pr,target),"
"0","                             MSE(nn.nrm.pr,target),"
"0","                             MSE(nn.pca.pr,target),"
"0","                             MSE(nn.mix.pr,target)),"
"0","               ""benchmark""=  c(MSE(Fset[-train_ind,][-1,""target""],target),"
"0","                               NA,NA,NA,NA)"
"0",") %>% round(2)"
"2","longer object length is not a multiple of shorter object length"
"0","MisClas = data.frame(row.names=c(""Untransformed"",""Standardized"",""Normalized"","
"0","                       ""Principal Components"", ""Mixed Variables""),"
"0","            ""tree""=c(colSums((round(tree.unt.pr)-round(target))!=0),"
"0","                     colSums((round(tree.std.pr)-round(target))!=0),"
"0","                     colSums((round(tree.nrm.pr)-round(target))!=0),"
"0","                     colSums((round(tree.pca.pr)-round(target))!=0),"
"0","                     colSums((round(tree.mix.pr)-round(target))!=0)),"
"0","             ""glm""=c(colSums((round(as.matrix(glm.unt.pr))-round(target))!=0),"
"0","                     colSums((round(as.matrix(glm.std.pr))-round(target))!=0),"
"0","                     colSums((round(as.matrix(glm.nrm.pr))-round(target))!=0),"
"0","                     colSums((round(as.matrix(glm.pca.pr))-round(target))!=0),"
"0","                     colSums((round(as.matrix(glm.mix.pr))-round(target))!=0)),"
"0","             ""svm""=c(colSums((round(as.matrix(svm.unt.pr))-round(target))!=0),"
"0","                     colSums((round(as.matrix(svm.std.pr))-round(target))!=0),"
"0","                     colSums((round(as.matrix(svm.nrm.pr))-round(target))!=0),"
"0","                     colSums((round(as.matrix(svm.pca.pr))-round(target))!=0),"
"0","                     colSums((round(as.matrix(svm.mix.pr))-round(target))!=0)),"
"0","              ""nn""=c(colSums((round(as.matrix(nn.unt.pr))-round(target))!=0),"
"0","                     colSums((round(as.matrix(nn.std.pr))-round(target))!=0),"
"0","                     colSums((round(as.matrix(nn.nrm.pr))-round(target))!=0),"
"0","                     colSums((round(as.matrix(nn.pca.pr))-round(target))!=0),"
"0","                     colSums((round(as.matrix(nn.mix.pr))-round(target))!=0)),"
"0","       ""benchmark""=c(colSums((round(Fset[-train_ind,][-1,""target""])-round(target))!=0), "
"0","                     NA,NA,NA,NA))"
"2","longer object length is not a multiple of shorter object length"
"2","Error in is.data.frame(x) : 
  dims [product 14] do not match the length of object [421]
"
