{"chunk_definitions":[{"chunk_id":"ci53r0oau43mr","chunk_label":"global options","document_id":"59CCFE11","expansion_state":0,"options":{"engine":"r","include":false,"label":"global options"},"row":10,"row_count":1,"visible":true},{"chunk_id":"c8x0788t89zho","chunk_label":"packages","document_id":"59CCFE11","expansion_state":0,"options":{"engine":"r","label":"packages"},"row":41,"row_count":1,"visible":true},{"chunk_id":"cnoufgion064k","chunk_label":"unnamed-chunk-1","document_id":"59CCFE11","expansion_state":0,"options":{"echo":true,"engine":"r","fig.align":"center","label":"unnamed-chunk-2","message":false,"warning":false},"row":74,"row_count":1,"visible":true}],"doc_write_time":1554659837}